City_ID,City,Lat,Lng,Max Temp,Humidity,Cloudiness,Wind Speed,Country,Date
0,Lovozero,68.005,35.0117,33.91,95,94,12.44,RU,2021-03-29 15:44:49
1,Salalah,17.0151,54.0924,86.0,70,0,5.75,OM,2021-03-29 15:43:39
2,Road Town,18.4167,-64.6167,82.0,74,40,14.97,VG,2021-03-29 15:44:11
3,Alofi,-19.0595,-169.9187,77.0,100,9,5.75,NU,2021-03-29 15:44:35
4,Tasiilaq,65.6145,-37.6368,23.0,54,16,4.61,GL,2021-03-29 15:44:50
5,Atuona,-9.8,-139.0333,80.11,77,21,17.27,PF,2021-03-29 15:43:57
6,Rikitea,-23.1203,-134.9692,78.44,68,19,16.67,PF,2021-03-29 15:43:34
7,Pisco,-13.7,-76.2167,73.99,73,0,5.75,PE,2021-03-29 15:39:14
8,Anzio,41.4853,12.6179,64.0,88,0,11.5,IT,2021-03-29 15:44:50
9,Torbay,47.6666,-52.7314,30.99,93,90,29.93,CA,2021-03-29 15:44:17
10,Hay River,60.8156,-115.7999,-2.2,65,100,18.41,CA,2021-03-29 15:44:39
11,Kumluca,36.3703,30.2869,58.19,73,5,4.79,TR,2021-03-29 15:44:51
12,Cape Town,-33.9258,18.4232,82.4,32,0,4.61,ZA,2021-03-29 15:44:29
13,Letlhakane,-21.4167,25.5833,79.79,31,18,9.24,BW,2021-03-29 15:42:20
14,Valparaiso,-33.0393,-71.6273,57.2,100,90,4.61,CL,2021-03-29 15:40:50
15,Albany,42.6001,-73.9662,37.99,59,81,7.0,US,2021-03-29 15:43:52
16,Hasaki,35.7333,140.8333,60.8,94,66,2.3,JP,2021-03-29 15:44:28
17,Victoria,22.2855,114.1577,79.0,85,61,1.01,HK,2021-03-29 15:43:08
18,Port Elizabeth,-33.918,25.5701,68.0,77,0,20.71,ZA,2021-03-29 15:44:33
19,Srinivaspur,13.3333,78.2167,80.6,28,40,6.91,IN,2021-03-29 15:44:51
20,Qaanaaq,77.484,-69.3632,-14.21,75,67,6.69,GL,2021-03-29 15:43:42
21,Yumen,40.2833,97.2,47.44,48,96,10.18,CN,2021-03-29 15:44:30
22,Rincon,32.296,-81.2354,66.99,42,20,13.8,US,2021-03-29 15:44:51
23,Provideniya,64.3833,-173.3,14.41,88,99,8.01,RU,2021-03-29 15:44:15
24,Mataura,-46.1927,168.8643,51.01,95,100,1.66,NZ,2021-03-29 15:43:44
25,Tekari,24.9333,84.8333,82.4,47,0,4.94,IN,2021-03-29 15:44:52
26,Makakilo City,21.3469,-158.0858,73.4,78,1,4.61,US,2021-03-29 15:44:52
27,Port Moresby,-9.4431,147.1797,77.0,94,20,5.75,PG,2021-03-29 15:44:13
28,Bredasdorp,-34.5322,20.0403,71.6,60,25,14.97,ZA,2021-03-29 15:44:22
29,Erzin,36.9559,36.2,61.0,55,1,1.99,TR,2021-03-29 15:44:52
30,North Platte,41.1239,-100.7654,59.0,43,1,8.55,US,2021-03-29 15:44:53
31,Henties Bay,-22.116,14.2845,66.99,79,4,8.99,NA,2021-03-29 15:44:53
32,Butaritari,3.0707,172.7902,80.73,80,94,14.05,KI,2021-03-29 15:43:54
33,Goderich,43.7501,-81.7165,33.8,69,95,10.36,CA,2021-03-29 15:44:53
34,Hermanus,-34.4187,19.2345,81.0,50,33,1.99,ZA,2021-03-29 15:43:40
35,Arraial Do Cabo,-22.9661,-42.0278,93.2,58,0,5.75,BR,2021-03-29 15:43:48
36,Seddon,-37.8068,144.8916,53.01,82,40,6.91,AU,2021-03-29 15:44:54
37,Avarua,-21.2078,-159.775,78.8,83,75,10.36,CK,2021-03-29 15:43:37
38,Shelburne,44.0787,-80.2041,36.0,71,26,11.97,CA,2021-03-29 15:44:54
39,Nikki,9.9401,3.2108,99.61,10,4,6.51,BJ,2021-03-29 15:44:54
40,Busselton,-33.65,115.3333,63.0,92,2,5.35,AU,2021-03-29 15:43:36
41,Victoria Point,-27.5833,153.3,71.01,78,5,7.99,AU,2021-03-29 15:44:54
42,Gornopravdinsk,60.05,69.9,6.49,98,92,3.18,RU,2021-03-29 15:44:55
43,Sembe,1.6481,14.5806,75.65,89,95,3.69,CG,2021-03-29 15:44:55
44,Khatanga,71.9667,102.5,-20.56,97,43,11.23,RU,2021-03-29 15:44:09
45,Touros,-5.1989,-35.4608,87.8,62,75,10.36,BR,2021-03-29 15:44:55
46,Dimona,31.0667,35.0333,57.99,54,2,1.99,IL,2021-03-29 15:44:55
47,Camacha,33.0833,-16.3333,66.2,72,40,16.11,PT,2021-03-29 15:44:56
48,Castro,-24.7911,-50.0119,78.78,55,17,7.67,BR,2021-03-29 15:40:30
49,Barrow,71.2906,-156.7887,-9.4,70,1,23.02,US,2021-03-29 15:43:56
50,Merauke,-8.4667,140.3333,79.34,85,100,11.25,ID,2021-03-29 15:44:56
51,Saint-Philippe,-21.3585,55.7679,80.6,74,75,4.61,RE,2021-03-29 15:43:54
52,Vaini,-21.2,-175.2,77.0,100,20,6.91,TO,2021-03-29 15:43:54
53,Ushuaia,-54.8,-68.3,50.0,62,75,8.05,AR,2021-03-29 15:41:35
54,Jiuquan,39.7432,98.5174,51.19,34,100,7.07,CN,2021-03-29 15:44:56
55,Nara,34.6851,135.8049,59.0,70,63,1.95,JP,2021-03-29 15:40:13
56,Hilo,19.7297,-155.09,68.0,88,90,1.79,US,2021-03-29 15:42:58
57,Norman Wells,65.282,-126.8329,-13.0,77,20,8.05,CA,2021-03-29 15:44:16
58,Tuatapere,-46.1333,167.6833,51.01,95,100,2.98,NZ,2021-03-29 15:44:57
59,Vardo,70.3705,31.1107,39.2,81,75,12.66,NO,2021-03-29 15:44:08
60,Hobart,-42.8794,147.3294,52.0,81,90,3.87,AU,2021-03-29 15:43:33
61,Ribeira Grande,38.5167,-28.7,59.0,94,75,18.41,PT,2021-03-29 15:43:53
62,Jaguaquara,-13.5306,-39.9708,91.35,21,29,6.51,BR,2021-03-29 15:44:57
63,Kuytun,54.3419,101.5036,27.5,98,100,1.61,RU,2021-03-29 15:44:58
64,Ixtapa,20.7,-105.2,68.0,73,75,4.61,MX,2021-03-29 15:44:58
65,Puerto Ayacucho,5.6639,-67.6236,89.94,53,86,2.37,VE,2021-03-29 15:44:58
66,Puerto Ayora,-0.7393,-90.3518,81.0,83,40,10.36,EC,2021-03-29 15:43:43
67,Yaan,7.3833,8.5667,101.07,12,33,3.62,NG,2021-03-29 15:44:58
68,Thunder Bay,48.4001,-89.3168,37.99,69,90,17.27,CA,2021-03-29 15:40:20
69,Fort Nelson,58.8053,-122.7002,1.4,71,75,1.05,CA,2021-03-29 15:39:38
70,Sambava,-14.2667,50.1667,80.62,81,99,1.12,MG,2021-03-29 15:44:59
71,Lagunas,-5.2269,-75.6753,73.53,98,100,1.52,PE,2021-03-29 15:44:59
72,Jamestown,42.097,-79.2353,34.0,74,90,13.38,US,2021-03-29 15:43:33
73,Hithadhoo,-0.6,73.0833,84.2,75,100,23.47,MV,2021-03-29 15:43:36
74,Dikson,73.5069,80.5464,-25.83,99,6,7.74,RU,2021-03-29 15:43:43
75,Grindavik,63.8424,-22.4338,32.0,69,75,19.57,IS,2021-03-29 15:44:59
76,Mar Del Plata,-38.0023,-57.5575,66.2,68,20,13.8,AR,2021-03-29 15:39:28
77,Siderno,38.2779,16.302,66.2,42,68,14.97,IT,2021-03-29 15:45:00
78,Tual,-5.6667,132.75,81.57,75,95,6.11,ID,2021-03-29 15:44:03
79,Takoradi,4.8845,-1.7554,84.15,72,14,11.54,GH,2021-03-29 15:45:00
80,Taoudenni,22.6783,-3.9836,96.6,4,41,12.39,ML,2021-03-29 15:45:00
81,Saldanha,-33.0117,17.9442,78.8,44,2,6.91,ZA,2021-03-29 15:44:43
82,Georgetown,5.4112,100.3354,84.2,74,20,1.14,MY,2021-03-29 15:40:16
83,Tutoia,-2.7619,-42.2744,87.8,66,40,13.8,BR,2021-03-29 15:45:01
84,Oistins,13.0667,-59.5333,82.4,61,40,24.16,BB,2021-03-29 15:45:01
85,Ahipara,-35.1667,173.1667,65.86,96,100,5.66,NZ,2021-03-29 15:43:45
86,Lata,40.1629,-8.3327,73.99,41,99,8.68,PT,2021-03-29 15:45:01
87,Bluff,-46.6,168.3333,51.01,95,100,4.92,NZ,2021-03-29 15:43:50
88,Upernavik,72.7868,-56.1549,-2.79,57,94,5.41,GL,2021-03-29 15:44:05
89,Kapaa,22.0752,-159.319,73.4,78,90,14.97,US,2021-03-29 15:43:37
90,Asyut,27.181,31.1837,69.8,43,0,18.41,EG,2021-03-29 15:44:09
91,Pestravka,52.405,49.9583,26.31,96,56,8.08,RU,2021-03-29 15:45:02
92,New Norfolk,-42.7826,147.0587,52.0,63,95,3.0,AU,2021-03-29 15:44:06
93,Kiruna,67.8557,20.2251,33.8,80,75,14.97,SE,2021-03-29 15:45:02
94,Punta Arenas,-53.15,-70.9167,44.6,93,90,6.91,CL,2021-03-29 15:42:24
95,Jawhar,2.7809,45.5005,82.26,71,16,20.76,SO,2021-03-29 15:45:03
96,Yellowknife,62.456,-114.3525,-5.01,65,75,14.97,CA,2021-03-29 15:41:51
97,Codrington,-38.2667,141.9667,52.07,80,33,4.07,AU,2021-03-29 15:43:41
98,Contai,21.7786,87.7536,80.98,82,27,16.51,IN,2021-03-29 15:43:27
99,Kovdor,67.5662,30.4758,32.94,97,100,10.89,RU,2021-03-29 15:45:03
100,Garoua Boulai,5.8833,14.55,88.21,23,20,6.06,CM,2021-03-29 15:45:04
101,Nelson Bay,-32.7167,152.15,64.4,94,90,10.36,AU,2021-03-29 15:45:04
102,Tuktoyaktuk,69.4541,-133.0374,-23.8,76,20,9.22,CA,2021-03-29 15:44:28
103,Hobyo,5.3505,48.5268,81.39,72,81,10.89,SO,2021-03-29 15:45:04
104,Carnarvon,-24.8667,113.6333,80.6,83,90,4.61,AU,2021-03-29 15:44:32
105,Flinders,-34.5833,150.8552,63.0,76,98,1.99,AU,2021-03-29 15:45:05
106,Lebu,-37.6167,-73.65,63.55,66,1,6.8,CL,2021-03-29 15:40:27
107,Katsuura,35.1333,140.3,64.4,77,40,4.61,JP,2021-03-29 15:45:05
108,Puerto Carreno,6.189,-67.4859,93.04,42,65,5.1,CO,2021-03-29 15:45:05
109,Sao Filipe,14.8961,-24.4956,69.93,73,0,9.86,CV,2021-03-29 15:44:03
110,Newcastle,-32.9272,151.7765,70.0,94,90,10.36,AU,2021-03-29 15:44:53
111,Port Alfred,-33.5906,26.891,69.93,80,81,24.45,ZA,2021-03-29 15:44:12
112,Manjeshwar,12.7194,74.8861,84.2,79,75,9.22,IN,2021-03-29 15:45:06
113,Pevek,69.7008,170.3133,-18.69,100,100,3.53,RU,2021-03-29 15:43:49
114,Kamennogorsk,60.9545,29.1339,42.01,76,100,3.0,RU,2021-03-29 15:45:06
115,Disna,55.568,28.1971,44.83,61,8,7.96,BY,2021-03-29 15:45:06
116,Saint George,37.1041,-113.5841,46.4,46,1,4.61,US,2021-03-29 15:43:45
117,East London,-33.0153,27.9116,69.8,83,75,16.11,ZA,2021-03-29 15:43:35
118,Pemangkat,1.1667,108.9667,79.14,82,100,5.53,ID,2021-03-29 15:45:07
119,Bethel,41.3712,-73.414,46.4,36,20,17.27,US,2021-03-29 15:43:38
120,Iqaluit,63.7506,-68.5145,8.6,78,90,12.66,CA,2021-03-29 15:45:07
121,Harper,4.375,-7.7169,83.8,67,22,7.36,LR,2021-03-29 15:45:07
122,Caravelas,-17.7125,-39.2481,87.3,51,0,11.14,BR,2021-03-29 15:45:08
123,La Ronge,55.1001,-105.2842,26.6,93,90,13.8,CA,2021-03-29 15:45:08
124,Ippy,6.2679,21.2247,92.48,17,2,3.74,CF,2021-03-29 15:45:08
125,Ellisras,-23.6649,27.7443,77.76,38,84,5.3,ZA,2021-03-29 15:45:08
126,Port Lincoln,-34.7333,135.8667,63.9,80,0,10.38,AU,2021-03-29 15:43:46
127,Bay Roberts,47.5999,-53.2648,34.0,86,90,21.85,CA,2021-03-29 15:44:14
128,Guerrero Negro,27.9769,-114.0611,68.49,45,100,6.26,MX,2021-03-29 15:43:39
129,San Cristobal,7.7669,-72.225,80.6,65,40,4.61,VE,2021-03-29 15:39:55
130,Shitanjing,39.2342,106.3439,49.82,29,89,7.87,CN,2021-03-29 15:45:09
131,Nikolskoye,59.7035,30.7861,48.99,53,0,15.66,RU,2021-03-29 15:43:34
132,Kavieng,-2.5744,150.7967,82.33,77,100,10.74,PG,2021-03-29 15:44:36
133,Key Largo,25.0865,-80.4473,79.0,78,90,10.36,US,2021-03-29 15:40:19
134,Kodiak,57.79,-152.4072,37.4,75,90,3.44,US,2021-03-29 15:43:36
135,Chicama,-7.8447,-79.1469,69.8,83,66,11.5,PE,2021-03-29 15:45:09
136,Mumbwa,-14.9783,27.0619,66.88,82,96,7.14,ZM,2021-03-29 15:45:10
137,Aklavik,68.2191,-135.0107,-16.6,76,20,5.75,CA,2021-03-29 15:43:40
138,Kruisfontein,-34.0033,24.7314,72.0,72,1,8.01,ZA,2021-03-29 15:45:10
139,San Patricio,28.017,-97.5169,66.0,72,75,6.91,US,2021-03-29 15:44:33
140,Fortuna,40.5982,-124.1573,46.0,76,1,10.36,US,2021-03-29 15:44:02
141,Namibe,-15.1961,12.1522,80.6,74,20,17.27,AO,2021-03-29 15:43:35
142,Solnechnyy,50.7214,136.6319,26.92,92,98,6.6,RU,2021-03-29 15:45:10
143,Kattivakkam,13.2167,80.3167,82.4,83,100,11.5,IN,2021-03-29 15:45:10
144,Thinadhoo,0.5333,72.9333,84.06,74,100,23.22,MV,2021-03-29 15:45:11
145,Verkhoyansk,67.5447,133.385,-10.21,100,41,1.12,RU,2021-03-29 15:45:11
146,Nouadhibou,20.931,-17.0347,73.4,64,57,19.57,MR,2021-03-29 15:44:16
147,Skibbereen,51.55,-9.2667,51.8,93,90,17.27,IE,2021-03-29 15:45:11
148,Yeniseysk,58.4497,92.1703,28.47,95,96,4.03,RU,2021-03-29 15:45:11
149,Richards Bay,-28.783,32.0377,70.14,73,18,9.31,ZA,2021-03-29 15:44:10
150,Wuzhou,23.4833,111.3167,77.58,75,0,1.7,CN,2021-03-29 15:45:12
151,Vila Franca Do Campo,37.7167,-25.4333,62.6,77,75,14.97,PT,2021-03-29 15:45:12
152,Mahebourg,-20.4081,57.7,78.8,94,40,3.44,MU,2021-03-29 15:43:40
153,Rocha,-34.4833,-54.3333,74.21,65,80,11.23,UY,2021-03-29 15:45:13
154,Cabo San Lucas,22.8909,-109.9124,78.01,34,40,5.5,MX,2021-03-29 15:44:37
155,Lagoa,39.05,-27.9833,58.14,88,100,18.9,PT,2021-03-29 15:45:13
156,Mikumi,-7.4041,36.9831,71.56,96,76,4.65,TZ,2021-03-29 15:44:14
157,Husavik,66.0449,-17.3389,28.4,86,90,25.32,IS,2021-03-29 15:44:01
158,Safford,32.834,-109.7076,61.0,27,1,11.5,US,2021-03-29 15:45:13
159,Goianesia,-15.3175,-49.1175,87.42,40,24,2.28,BR,2021-03-29 15:45:13
160,Ketchikan,55.3422,-131.6461,30.2,80,90,1.88,US,2021-03-29 15:43:46
161,Pandamatenga,-18.5278,25.627,72.88,53,2,5.19,BW,2021-03-29 15:45:14
162,Dindori,22.95,81.0833,80.2,13,0,2.51,IN,2021-03-29 15:45:14
163,Vanimo,-2.6741,141.3028,78.44,86,93,3.22,PG,2021-03-29 15:43:58
164,Saint-Georges,12.0564,-61.7485,80.6,89,75,16.11,GD,2021-03-29 15:42:45
165,Onega,63.9061,38.1404,37.13,83,99,13.76,RU,2021-03-29 15:45:14
166,Dauphin,51.1494,-100.0502,33.8,86,1,4.61,CA,2021-03-29 15:45:15
167,Hamilton,39.1834,-84.5333,48.99,49,1,3.69,US,2021-03-29 15:44:30
168,Cervo,43.6702,-7.4101,63.57,62,92,3.89,ES,2021-03-29 15:45:15
169,Ponta Do Sol,32.6667,-17.1,70.0,64,20,18.41,PT,2021-03-29 15:43:41
170,Pemba,-12.974,40.5178,84.2,74,75,13.8,MZ,2021-03-29 15:45:15
171,Poum,-20.2333,164.0167,79.27,80,92,6.13,NC,2021-03-29 15:44:03
172,Campos Belos,-13.0367,-46.7717,88.56,33,100,5.32,BR,2021-03-29 15:45:15
173,New Plymouth,-39.0667,174.0833,62.01,97,100,8.99,NZ,2021-03-29 15:45:16
174,Faanui,-16.4833,-151.75,82.4,72,100,15.08,PF,2021-03-29 15:44:05
175,Yuzhne,46.6221,31.1013,41.0,93,90,13.42,UA,2021-03-29 15:45:16
176,Qaqortoq,60.7167,-46.0333,24.8,46,20,4.61,GL,2021-03-29 15:43:34
177,Port Hedland,-20.3167,118.5667,82.4,61,87,6.91,AU,2021-03-29 15:44:23
178,Ilulissat,69.2167,-51.1,8.6,40,40,12.66,GL,2021-03-29 15:43:35
179,Pontes E Lacerda,-15.2261,-59.3353,84.9,56,41,6.17,BR,2021-03-29 15:45:16
180,Sergeyevka,53.88,67.4158,10.94,96,46,4.32,KZ,2021-03-29 15:45:17
181,Ankang,32.68,109.0172,62.89,77,49,5.35,CN,2021-03-29 15:45:17
182,Rorvik,64.8621,11.2373,42.8,75,75,36.82,NO,2021-03-29 15:45:17
183,Praia Da Vitoria,38.7333,-27.0667,64.4,72,75,27.47,PT,2021-03-29 15:45:17
184,Saskylakh,71.9167,114.0833,-10.66,98,100,7.0,RU,2021-03-29 15:44:04
185,Adrar,20.5022,-10.0711,98.17,5,5,7.14,MR,2021-03-29 15:44:10
186,Chuy,-33.6971,-53.4616,74.66,61,71,9.55,UY,2021-03-29 15:44:18
187,Paamiut,61.994,-49.6678,26.06,53,86,11.92,GL,2021-03-29 15:45:18
188,Lavrentiya,65.5833,-171.0,11.21,88,100,12.82,RU,2021-03-29 15:43:55
189,Luderitz,-26.6481,15.1594,68.0,70,0,11.59,NA,2021-03-29 15:43:49
190,Kaseda,31.4167,130.3167,59.32,83,0,3.33,JP,2021-03-29 15:45:18
191,Lima,-12.0432,-77.0282,75.0,73,0,4.61,PE,2021-03-29 15:43:11
192,Karachi,24.9056,67.0822,80.6,78,20,10.36,PK,2021-03-29 15:45:18
193,Gwanda,-20.9333,29.0,71.15,51,5,7.11,ZW,2021-03-29 15:45:19
194,Bulgan,48.8125,103.5347,36.82,58,94,4.81,MN,2021-03-29 15:45:19
195,Meulaboh,4.1363,96.1285,77.0,91,100,4.36,ID,2021-03-29 15:43:12
196,Novochernorechenskiy,56.2669,91.0828,31.5,88,100,9.91,RU,2021-03-29 15:45:19
197,Sitka,57.0531,-135.33,33.8,86,90,9.22,US,2021-03-29 15:44:11
198,Dinagat,9.9561,125.5933,81.3,76,84,7.47,PH,2021-03-29 15:45:19
199,Turukhansk,65.8167,87.9833,-8.03,97,99,9.73,RU,2021-03-29 15:45:20
200,Stornoway,58.2093,-6.3865,46.99,87,75,6.91,GB,2021-03-29 15:45:20
201,Esperance,-33.8667,121.9,82.4,28,25,12.66,AU,2021-03-29 15:45:20
202,Ampanihy,-24.7,44.75,72.32,69,59,9.86,MG,2021-03-29 15:45:20
203,San Quintin,30.4833,-115.95,63.88,61,100,6.71,MX,2021-03-29 15:45:21
204,Chokwe,-24.5333,32.9833,72.61,60,44,7.58,MZ,2021-03-29 15:45:21
205,Oktyabrskiy,54.4815,53.471,21.83,98,59,3.51,RU,2021-03-29 15:45:21
206,Deputatskiy,69.3,139.9,-4.88,99,88,4.18,RU,2021-03-29 15:44:30
207,Finnsnes,69.2296,17.9811,41.0,56,40,11.5,NO,2021-03-29 15:45:22
208,Sao Joao Da Barra,-21.6403,-41.0511,89.6,48,0,7.99,BR,2021-03-29 15:44:21
209,Belmonte,-15.8631,-38.8828,84.2,58,40,17.27,BR,2021-03-29 15:45:23
210,Aykhal,66.0,111.5,15.8,98,100,5.03,RU,2021-03-29 15:45:23
211,Omboue,-1.5746,9.2618,79.05,81,100,4.54,GA,2021-03-29 15:45:23
212,Vangaindrano,-23.35,47.6,73.98,87,16,6.17,MG,2021-03-29 15:45:23
213,Lompoc,34.6391,-120.4579,55.99,100,0,7.54,US,2021-03-29 15:43:37
214,Thompson,55.7435,-97.8558,12.2,85,90,17.27,CA,2021-03-29 15:43:48
215,Novobirilyussy,56.9514,90.6661,30.25,98,100,4.12,RU,2021-03-29 15:45:24
216,Ponta Delgada,37.7333,-25.6667,62.6,77,75,14.97,PT,2021-03-29 15:45:24
217,Serov,59.6033,60.5787,18.81,93,40,2.42,RU,2021-03-29 15:42:03
218,Chimbote,-9.0853,-78.5783,73.81,73,98,8.63,PE,2021-03-29 15:45:24
219,Bara,10.3744,10.7288,98.06,11,7,11.97,NG,2021-03-29 15:45:24
220,Severnoye,56.3491,78.3619,25.75,94,100,14.9,RU,2021-03-29 15:45:25
221,Mvuma,-19.2792,30.5283,63.81,62,1,7.31,ZW,2021-03-29 15:45:25
222,Tupelo,34.2576,-88.7034,55.99,44,1,8.05,US,2021-03-29 15:44:47
223,Espanola,35.9911,-106.0806,52.0,34,1,4.61,US,2021-03-29 15:45:25
224,Abu Samrah,35.3029,37.1841,57.02,33,0,6.4,SY,2021-03-29 15:45:26
225,Padang,-0.9492,100.3543,75.2,94,75,9.22,ID,2021-03-29 15:45:26
226,Mahanoro,-19.9,48.8,78.87,82,48,2.13,MG,2021-03-29 15:44:06
227,Fukue,32.6881,128.8419,59.16,79,2,1.68,JP,2021-03-29 15:45:26
228,Pitimbu,-7.4706,-34.8086,84.2,79,75,8.05,BR,2021-03-29 15:45:26
229,Magadan,59.5667,150.8,5.88,93,93,7.09,RU,2021-03-29 15:45:27
230,Juanjui,-7.1779,-76.7314,77.0,83,90,0.34,PE,2021-03-29 15:45:27
231,Mayya,61.7333,130.2811,19.4,68,0,8.95,RU,2021-03-29 15:45:27
232,Souillac,-20.5167,57.5167,78.8,94,40,3.44,MU,2021-03-29 15:44:04
233,Chernyshevskiy,63.0128,112.4714,5.7,99,96,1.74,RU,2021-03-29 15:44:21
234,La Asuncion,11.0333,-63.8628,79.61,74,91,15.21,VE,2021-03-29 15:45:28
235,Geraldton,-28.7667,114.6,75.2,69,75,1.14,AU,2021-03-29 15:45:28
236,Koslan,63.4564,48.8989,34.52,95,97,7.65,RU,2021-03-29 15:43:32
237,Saint-Francois,46.4154,3.9054,71.6,30,0,8.05,FR,2021-03-29 15:45:28
238,Sola,-13.8833,167.55,82.4,83,75,4.61,VU,2021-03-29 15:45:28
239,Xichang,27.8964,102.2634,58.8,20,75,3.62,CN,2021-03-29 15:45:29
240,Khandyga,62.6667,135.6,8.83,93,100,3.2,RU,2021-03-29 15:45:29
241,Presidencia Roque Saenz Pena,-26.7852,-60.4388,75.99,60,17,5.01,AR,2021-03-29 15:45:29
242,Domna,51.8971,113.1573,28.4,59,100,4.47,RU,2021-03-29 15:45:29
243,Shingu,33.7333,135.9833,56.79,85,3,4.65,JP,2021-03-29 15:45:30
244,Cidreira,-30.1811,-50.2056,76.19,54,57,10.71,BR,2021-03-29 15:45:30
245,Nalut,30.3333,10.85,75.7,10,92,11.45,LY,2021-03-29 15:45:30
246,Bollnas,61.3482,16.3946,50.0,82,100,7.0,SE,2021-03-29 15:45:30
247,Yar-Sale,66.8333,70.8333,7.34,88,100,11.43,RU,2021-03-29 15:44:42
248,Muhos,64.808,25.9931,37.99,100,90,10.36,FI,2021-03-29 15:45:31
249,Liverpool,53.4106,-2.9779,62.6,63,8,20.71,GB,2021-03-29 15:45:31
250,Half Moon Bay,37.4636,-122.4286,53.6,93,75,13.8,US,2021-03-29 15:45:31
251,Ayan,56.45,138.1667,21.56,94,100,16.37,RU,2021-03-29 15:43:41
252,Guhagar,17.4842,73.1929,78.96,78,11,4.56,IN,2021-03-29 15:45:31
253,Grand Gaube,-20.0064,57.6608,79.0,79,77,6.67,MU,2021-03-29 15:45:32
254,Khani,41.9563,42.9566,59.0,33,0,2.3,GE,2021-03-29 15:45:32
255,Vestmannaeyjar,63.4427,-20.2734,33.8,64,0,16.11,IS,2021-03-29 15:45:32
256,Ust-Koksa,50.2696,85.6108,18.21,92,85,3.11,RU,2021-03-29 15:45:32
257,Moissac,44.1024,1.0945,71.6,43,0,13.8,FR,2021-03-29 15:45:33
258,Saint-Joseph,-21.3667,55.6167,80.6,74,75,4.61,RE,2021-03-29 15:45:33
259,Cabra,37.4725,-4.4421,77.0,33,0,4.61,ES,2021-03-29 15:45:33
260,Abdanan,32.9926,47.4198,59.09,30,86,1.95,IR,2021-03-29 15:44:16
261,Hermiston,45.8404,-119.2895,44.01,60,1,18.41,US,2021-03-29 15:45:17
262,Vila Velha,-20.3297,-40.2925,91.0,51,0,11.5,BR,2021-03-29 15:44:15
263,Manokwari,-0.8667,134.0833,78.03,84,100,5.5,ID,2021-03-29 15:45:33
264,Sharjah,25.3573,55.4033,80.6,54,0,8.05,AE,2021-03-29 15:44:40
265,Bambous Virieux,-20.3428,57.7575,79.0,94,40,3.44,MU,2021-03-29 15:43:32
266,Sukumo,32.9333,132.7333,56.59,89,0,4.03,JP,2021-03-29 15:45:34
267,Namie,37.4833,141.0,52.0,89,77,2.08,JP,2021-03-29 15:45:34
268,Pacific Grove,36.6177,-121.9166,48.99,93,90,4.61,US,2021-03-29 15:42:11
269,Lorengau,-2.0226,147.2712,82.47,77,89,8.88,PG,2021-03-29 15:45:34
270,Berdychiv,49.8993,28.6024,42.75,81,100,5.19,UA,2021-03-29 15:45:35
271,Tirat Karmel,32.7617,34.9719,62.6,51,0,16.11,IL,2021-03-29 15:45:35
272,Mubi,10.2676,13.2644,94.32,9,6,10.13,NG,2021-03-29 15:45:35
273,Celestun,20.8667,-90.4,84.67,57,4,4.29,MX,2021-03-29 15:45:35
274,Olinda,-8.0089,-34.8553,82.4,69,40,9.22,BR,2021-03-29 15:45:36
275,Yerbogachen,61.2767,108.0108,18.37,97,100,2.59,RU,2021-03-29 15:45:36
276,Sioux Lookout,50.1001,-91.917,35.6,55,90,13.8,CA,2021-03-29 15:45:36
277,Duartina,-22.4144,-49.4039,91.4,43,0,1.14,BR,2021-03-29 15:45:36
278,Karla,59.3723,24.9275,42.8,87,90,18.41,EE,2021-03-29 15:45:37
279,Saint-Pierre,-21.3393,55.4781,80.6,74,75,4.61,RE,2021-03-29 15:45:38
280,Santa Cruz,-17.8,-63.1667,73.4,78,75,13.8,BO,2021-03-29 15:45:38
281,Zeya,53.75,127.2667,25.9,95,100,3.62,RU,2021-03-29 15:45:38
282,Vao,-22.6667,167.4833,78.4,75,53,10.92,NC,2021-03-29 15:44:29
283,Biltine,14.5333,20.9167,88.92,7,0,12.88,TD,2021-03-29 15:45:39
284,Erseke,40.3378,20.6789,49.32,76,97,3.56,AL,2021-03-29 15:45:39
285,Huntington,38.4193,-82.4452,50.0,46,1,5.75,US,2021-03-29 15:45:08
286,Kurilsk,45.2333,147.8833,36.77,98,98,9.6,RU,2021-03-29 15:45:39
287,Dukat,62.55,155.55,-11.83,98,38,3.67,RU,2021-03-29 15:45:40
288,Mehran,33.1222,46.1646,55.4,28,0,4.61,IR,2021-03-29 15:45:40
289,Acapulco,16.8634,-99.8901,84.2,51,90,3.4,MX,2021-03-29 15:43:57
290,Puksoozero,62.5903,40.6066,36.12,90,100,10.74,RU,2021-03-29 15:45:40
291,Batemans Bay,-35.7167,150.1833,57.0,70,21,1.99,AU,2021-03-29 15:45:40
292,Mnogovershinnyy,53.9353,139.9242,23.97,96,100,7.54,RU,2021-03-29 15:45:41
293,Albert Lea,43.648,-93.3683,54.0,54,1,20.71,US,2021-03-29 15:45:41
294,Ust-Kulom,61.6864,53.6902,33.42,98,100,5.88,RU,2021-03-29 15:45:41
295,Nanortalik,60.1432,-45.2371,25.77,54,11,11.43,GL,2021-03-29 15:45:41
296,Bataipora,-22.2953,-53.2711,91.76,39,1,5.32,BR,2021-03-29 15:45:42
297,Cedar City,37.6775,-113.0619,55.0,25,1,3.44,US,2021-03-29 15:45:42
298,Narsaq,60.9167,-46.05,24.8,46,20,4.61,GL,2021-03-29 15:45:42
299,Matamoros,25.5333,-103.25,61.0,44,75,1.41,MX,2021-03-29 15:45:42
300,Carutapera,-1.195,-46.02,80.82,88,70,7.96,BR,2021-03-29 15:44:37
301,Nanchang,28.6833,115.8833,71.13,90,100,7.63,CN,2021-03-29 15:45:43
302,Longyearbyen,78.2186,15.6401,28.4,74,75,19.57,SJ,2021-03-29 15:44:14
303,Kaitangata,-46.2817,169.8464,54.66,96,100,1.97,NZ,2021-03-29 15:43:32
304,Pombia,45.653,8.6336,72.0,33,0,5.75,IT,2021-03-29 15:45:43
305,Broome,42.2506,-75.833,39.0,64,90,19.57,US,2021-03-29 15:44:04
306,Filingue,14.3521,3.3168,97.86,7,0,11.43,NE,2021-03-29 15:45:43
307,Danbury,41.3948,-73.454,46.4,36,20,17.27,US,2021-03-29 15:44:38
308,Tiksi,71.6872,128.8694,4.35,99,100,2.21,RU,2021-03-29 15:43:51
309,Plettenberg Bay,-34.0527,23.3716,68.09,79,7,9.78,ZA,2021-03-29 15:45:44
310,Isangel,-19.55,169.2667,77.29,88,10,7.18,VU,2021-03-29 15:45:44
311,Myitkyina,25.3833,97.4,70.12,26,0,1.86,MM,2021-03-29 15:45:44
312,Ballina,-28.8667,153.5667,68.0,94,90,6.91,AU,2021-03-29 15:45:44
313,Olafsvik,64.8945,-23.7142,31.01,62,99,20.92,IS,2021-03-29 15:43:42
314,Hearst,49.6835,-83.6665,26.6,46,100,5.75,CA,2021-03-29 15:45:45
315,Pacifica,37.6138,-122.4869,52.0,93,75,13.8,US,2021-03-29 15:42:41
316,Edea,3.8,10.1333,86.0,74,40,4.61,CM,2021-03-29 15:45:45
317,Pangkalanbuun,-2.6833,111.6167,75.45,93,50,2.39,ID,2021-03-29 15:45:45
318,Kanye,-24.9667,25.3327,71.55,46,77,1.77,BW,2021-03-29 15:45:45
319,Wanxian,30.8039,108.3897,71.8,74,93,2.37,CN,2021-03-29 15:45:46
320,Khonsa,27.0167,95.5667,65.48,22,0,5.28,IN,2021-03-29 15:45:46
321,Shahr-E Babak,30.1165,55.1186,67.89,16,0,16.37,IR,2021-03-29 15:45:46
322,Cockburn Town,21.4612,-71.1419,77.7,76,0,20.74,TC,2021-03-29 15:44:10
323,Puerto Narino,-3.7703,-70.3831,80.6,89,75,4.61,CO,2021-03-29 15:45:46
324,Viedma,-40.8135,-62.9967,76.75,31,47,6.73,AR,2021-03-29 15:45:47
325,Te Anau,-45.4167,167.7167,50.27,93,100,1.03,NZ,2021-03-29 15:45:47
326,Etchojoa,26.9167,-109.6333,57.2,28,90,3.04,MX,2021-03-29 15:45:47
327,Martapura,-3.4167,114.85,78.8,94,75,9.22,ID,2021-03-29 15:45:47
328,Palmer,42.1584,-72.3287,44.01,45,75,24.16,US,2021-03-29 15:45:48
329,Ostrovnoy,68.0531,39.5131,33.8,85,98,25.23,RU,2021-03-29 15:44:17
330,Ilo,-17.6394,-71.3375,73.4,68,0,11.5,PE,2021-03-29 15:45:48
331,Madang,-5.2246,145.7966,77.05,90,100,3.11,PG,2021-03-29 15:45:48
332,Dunedin,-45.8742,170.5036,57.99,83,100,2.48,NZ,2021-03-29 15:41:33
333,Flin Flon,54.7682,-101.865,24.8,93,90,17.27,CA,2021-03-29 15:45:49
334,Cherskiy,68.75,161.3,-13.23,99,96,5.3,RU,2021-03-29 15:44:06
335,Mutis,6.2262,-77.4044,82.24,80,94,1.88,CO,2021-03-29 15:45:49
336,Hit,33.6416,42.8251,65.84,17,0,8.93,IQ,2021-03-29 15:45:49
337,Iracoubo,5.4802,-53.2011,80.51,80,93,13.78,GF,2021-03-29 15:45:49
338,Palana,59.1167,159.9667,13.87,97,100,5.79,RU,2021-03-29 15:45:50
339,Mfou,3.7159,11.6427,82.4,65,40,3.44,CM,2021-03-29 15:45:50
340,Arrifes,37.7667,-25.7,62.6,77,75,14.97,PT,2021-03-29 15:45:50
341,Coquimbo,-29.9533,-71.3436,62.6,67,90,4.61,CL,2021-03-29 15:43:29
342,Inongo,-1.95,18.2667,81.46,69,47,5.53,CD,2021-03-29 15:45:50
343,Clyde River,70.4692,-68.5914,-4.0,84,75,4.03,CA,2021-03-29 15:40:58
344,Klaksvik,62.2266,-6.589,41.0,87,75,26.46,FO,2021-03-29 15:43:46
345,Hami,42.8,93.45,57.96,28,100,18.25,CN,2021-03-29 15:45:51
346,Pavlodar,52.3,76.95,26.6,80,90,20.13,KZ,2021-03-29 15:45:33
347,Digha,21.6833,87.55,81.48,79,17,19.26,IN,2021-03-29 15:45:51
348,Broken Hill,-31.95,141.4333,62.6,48,0,9.22,AU,2021-03-29 15:43:53
349,Saint Anthony,45.0205,-93.218,54.0,53,1,20.71,US,2021-03-29 15:44:25
350,Nantucket,41.2835,-70.0995,46.4,71,1,25.32,US,2021-03-29 15:45:35
351,Sur,22.5667,59.5289,83.95,41,9,3.38,OM,2021-03-29 15:45:51
352,Lagos,6.5833,3.75,88.27,58,23,9.62,NG,2021-03-29 15:43:12
353,Buraydah,26.326,43.975,71.6,24,0,13.8,SA,2021-03-29 15:44:58
354,Samarai,-10.6167,150.6667,81.63,80,90,10.31,PG,2021-03-29 15:45:52
355,Kenai,60.5544,-151.2583,28.4,93,90,5.75,US,2021-03-29 15:45:52
356,Perth,-31.9333,115.8333,75.99,56,0,1.92,AU,2021-03-29 15:45:52
357,Chipiona,36.7366,-6.437,71.6,56,0,19.57,ES,2021-03-29 15:45:53
358,Villanueva,15.3167,-88.0,87.01,69,40,4.61,HN,2021-03-29 15:45:53
359,Trat,12.5,102.5,84.0,99,93,2.33,TH,2021-03-29 15:45:53
360,Ulaanbaatar,47.9077,106.8832,42.8,31,75,4.47,MN,2021-03-29 15:45:17
361,Verkhnyaya Inta,65.9811,60.3094,32.94,97,100,18.59,RU,2021-03-29 15:45:53
362,Hirara,24.8,125.2833,74.79,92,1,15.73,JP,2021-03-29 15:44:39
363,Ancud,-41.8697,-73.8203,72.0,63,0,13.8,CL,2021-03-29 15:44:21
364,Rock Island,41.45,-90.5168,55.99,43,1,14.97,US,2021-03-29 15:45:54
365,Boende,-0.2167,20.8667,79.9,72,96,3.11,CD,2021-03-29 15:45:54
366,Srivardhan,18.0333,73.0167,80.15,76,10,5.48,IN,2021-03-29 15:45:54
367,Eureka,40.8021,-124.1637,46.0,71,39,8.99,US,2021-03-29 15:42:49
368,Portland,45.5234,-122.6762,39.99,81,90,6.91,US,2021-03-29 15:45:07
369,Walvis Bay,-22.9575,14.5053,71.6,56,11,18.41,NA,2021-03-29 15:45:54
370,Gladstone,-23.85,151.25,71.6,78,10,4.61,AU,2021-03-29 15:45:55
371,Komsomolskiy,40.4272,71.7189,42.8,70,93,6.91,UZ,2021-03-29 15:44:07
372,Srednekolymsk,67.45,153.6833,-12.82,99,84,5.95,RU,2021-03-29 15:44:44
373,Mbaiki,3.8678,17.9892,93.31,27,54,3.04,CF,2021-03-29 15:45:55
374,Noumea,-22.2763,166.4572,80.01,88,0,2.3,NC,2021-03-29 15:45:55
375,Tatarskaya Kargala,51.9495,55.1731,24.8,80,0,6.71,RU,2021-03-29 15:45:56
376,Dicabisagan,17.0818,122.4157,76.91,88,14,4.59,PH,2021-03-29 15:45:56
377,Klyuchi,52.2667,79.1667,23.95,80,92,20.47,RU,2021-03-29 15:45:56
378,Harer,9.3094,42.1258,72.88,23,88,3.65,ET,2021-03-29 15:45:56
379,Hukuntsi,-24.0,21.75,73.2,51,73,17.29,BW,2021-03-29 15:45:57
380,Roald,62.5833,6.1333,46.4,61,40,32.21,NO,2021-03-29 15:45:57
381,Borzna,51.2546,32.4269,40.46,93,100,4.07,UA,2021-03-29 15:45:57
382,Dandong,40.1292,124.3947,42.64,44,62,2.06,CN,2021-03-29 15:45:57
383,Tshikapa,-6.4167,20.8,72.77,93,98,4.52,CD,2021-03-29 15:45:58
384,Bestobe,52.4994,73.0975,21.22,88,47,9.33,KZ,2021-03-29 15:45:58
385,Iralaya,15.0,-83.2333,82.4,78,20,4.61,HN,2021-03-29 15:45:58
386,Deniliquin,-35.5333,144.9667,53.01,78,31,8.79,AU,2021-03-29 15:45:58
387,Sorong,-0.8833,131.25,80.08,80,100,4.0,ID,2021-03-29 15:45:59
388,Sisimiut,66.9395,-53.6735,15.93,59,99,11.43,GL,2021-03-29 15:45:59
389,Gigmoto,13.7796,124.39,78.73,86,87,4.41,PH,2021-03-29 15:45:59
390,Port-Gentil,-0.7193,8.7815,84.2,70,20,8.05,GA,2021-03-29 15:44:10
391,Nador,35.174,-2.9287,62.6,82,90,11.5,MA,2021-03-29 15:44:46
392,Gizo,-8.103,156.8419,81.99,74,25,3.6,SB,2021-03-29 15:45:59
393,Piltene,57.2243,21.6744,42.8,100,90,18.41,LV,2021-03-29 15:46:00
394,Airai,-8.9266,125.4092,59.77,97,100,5.46,TL,2021-03-29 15:43:57
395,Nicolas Bravo,18.45,-88.9167,84.99,74,40,5.75,MX,2021-03-29 15:46:00
396,Maniitsoq,65.4167,-52.9,18.97,54,99,13.47,GL,2021-03-29 15:44:38
397,Charagua,-19.8,-63.2167,66.2,77,90,2.89,BO,2021-03-29 15:46:00
398,Victor Harbor,-35.5667,138.6167,64.99,97,26,6.04,AU,2021-03-29 15:46:00
399,Boralday,43.3578,76.8594,39.2,93,90,4.47,KZ,2021-03-29 15:46:01
400,Kudahuvadhoo,2.6708,72.8944,81.88,74,100,17.47,MV,2021-03-29 15:46:01
401,Chokurdakh,70.6333,147.9167,-3.96,99,99,4.54,RU,2021-03-29 15:44:01
402,Namatanai,-3.6667,152.4333,78.89,79,83,7.16,PG,2021-03-29 15:46:01
403,Iida,35.5197,137.8207,54.0,79,77,1.01,JP,2021-03-29 15:46:01
404,Moron,-34.6534,-58.6198,70.0,56,43,5.99,AR,2021-03-29 15:46:02
405,Artvin,41.1667,41.8333,50.0,81,0,5.75,TR,2021-03-29 15:46:02
406,Mount Isa,-20.7333,139.5,77.0,27,0,10.36,AU,2021-03-29 15:44:00
407,Mananara,-16.1667,49.7667,79.12,88,67,3.58,MG,2021-03-29 15:46:02
408,Petrov Val,50.1434,45.2096,33.51,98,100,8.05,RU,2021-03-29 15:46:03
409,Kununurra,-15.7667,128.7333,80.6,57,100,6.91,AU,2021-03-29 15:46:03
410,Castrovillari,39.8203,16.2123,56.19,78,90,1.43,IT,2021-03-29 15:46:03
411,Mahajanga,-15.7167,46.3167,82.4,78,20,9.22,MG,2021-03-29 15:46:03
412,Jan Kempdorp,-27.9225,24.8305,77.83,29,76,10.27,ZA,2021-03-29 15:46:04
413,Teya,60.3778,92.6267,9.72,97,91,1.36,RU,2021-03-29 15:46:04
414,Kilosa,-6.8333,36.9833,72.64,94,100,2.06,TZ,2021-03-29 15:46:04
415,Medvedok,57.3891,50.0351,27.23,94,100,3.96,RU,2021-03-29 15:46:05
416,Mosetse,-20.75,26.65,77.83,34,0,13.13,BW,2021-03-29 15:46:05
417,Batsfjord,70.6345,29.7185,37.4,75,20,28.77,NO,2021-03-29 15:46:05
418,Hofn,64.2539,-15.2082,37.4,56,0,17.27,IS,2021-03-29 15:46:05
419,Kaduqli,11.0167,29.7167,91.26,9,0,8.68,SD,2021-03-29 15:46:06
420,Aksu,41.1231,80.2644,52.77,50,94,19.1,CN,2021-03-29 15:44:38
421,Soyo,-6.1349,12.3689,82.72,74,75,9.78,AO,2021-03-29 15:46:06
422,Morant Bay,17.8815,-76.4093,81.0,88,75,20.71,JM,2021-03-29 15:46:06
423,Ziro,27.6333,93.8333,77.0,73,75,4.61,IN,2021-03-29 15:46:06
424,Mount Gambier,-37.8333,140.7667,51.8,100,40,4.61,AU,2021-03-29 15:46:07
425,Vanavara,60.34,102.2797,13.17,100,95,1.3,RU,2021-03-29 15:46:07
426,Ilovlya,49.3033,43.9796,37.4,70,20,8.95,RU,2021-03-29 15:46:07
427,Saint-Louis,16.3333,-15.0,102.2,16,0,4.61,SN,2021-03-29 15:44:28
428,Cam Ranh,11.9214,109.1591,78.8,83,0,5.75,VN,2021-03-29 15:46:08
429,Mogadishu,2.0371,45.3438,81.3,84,8,18.48,SO,2021-03-29 15:46:08
430,Tilichiki,60.4667,166.1,-14.01,99,21,4.88,RU,2021-03-29 15:44:23
431,Morros,-9.4467,-46.3003,89.1,48,16,0.85,BR,2021-03-29 15:46:08
432,Muzhi,65.3667,64.6667,22.89,89,100,14.25,RU,2021-03-29 15:46:08
433,Capinopolis,-18.6819,-49.5697,92.88,31,0,4.32,BR,2021-03-29 15:46:09
434,Botwood,49.1499,-55.3482,32.0,93,100,14.0,CA,2021-03-29 15:46:09
435,Port Hardy,50.6996,-127.4199,42.8,75,75,19.22,CA,2021-03-29 15:46:09
436,Two Hills,53.7169,-111.7518,17.6,100,100,34.52,CA,2021-03-29 15:46:09
437,Bambanglipuro,-7.95,110.2833,78.42,88,97,3.13,ID,2021-03-29 15:46:10
438,Nioro,13.35,-15.75,103.42,8,1,6.31,GM,2021-03-29 15:46:10
439,Shimoda,34.6667,138.95,64.0,70,54,3.0,JP,2021-03-29 15:44:25
440,Evanston,42.0411,-87.6901,48.0,49,11,8.99,US,2021-03-29 15:45:29
441,Ugoofaaru,5.6667,73.0,80.1,79,100,22.26,MV,2021-03-29 15:46:10
442,Sobolevo,54.4299,31.8996,34.75,98,100,7.61,RU,2021-03-29 15:46:10
443,Panama City,8.9936,-79.5197,89.01,62,20,9.22,PA,2021-03-29 15:41:28
444,Puerto Palomas,31.7667,-107.6167,48.2,37,1,9.75,MX,2021-03-29 15:46:11
445,Ambulu,-8.345,113.6058,77.05,91,93,2.95,ID,2021-03-29 15:46:11
446,Auki,-8.7676,160.7034,77.27,85,42,1.92,SB,2021-03-29 15:46:11
447,Hambantota,6.1241,81.1185,75.2,100,90,5.75,LK,2021-03-29 15:46:12
448,Moindou,-21.6924,165.677,69.8,88,0,2.3,NC,2021-03-29 15:46:12
449,Katangli,51.7102,143.2326,30.61,99,100,4.0,RU,2021-03-29 15:46:12
450,Puri,19.8,85.85,82.4,83,6,10.36,IN,2021-03-29 15:45:21
451,Amapa,1.0,-52.0,78.22,93,100,4.61,BR,2021-03-29 15:46:12
452,Bengkulu,-3.8004,102.2655,77.11,89,100,2.98,ID,2021-03-29 15:44:00
453,Kahului,20.8947,-156.47,68.0,100,90,11.45,US,2021-03-29 15:44:00
454,Pinega,64.7001,43.3936,35.82,96,100,10.76,RU,2021-03-29 15:46:13
455,Kharan,28.5833,65.4167,77.86,13,5,17.96,PK,2021-03-29 15:44:24
456,Milkovo,54.7167,158.6167,14.13,87,100,0.96,RU,2021-03-29 15:46:13
457,Oktyabrskoye,43.0645,44.7417,42.8,65,75,8.95,RU,2021-03-29 15:46:13
458,Westport,41.1415,-73.3579,48.99,48,7,4.0,US,2021-03-29 15:42:56
459,Aloleng,16.1307,119.7824,80.62,74,28,6.6,PH,2021-03-29 15:46:13
460,Svetlogorsk,52.6333,29.7333,43.68,80,100,4.85,BY,2021-03-29 15:46:14
461,Perigueux,45.1833,0.7167,75.0,34,0,4.0,FR,2021-03-29 15:46:14
462,Tura,25.5198,90.2201,73.31,46,81,5.08,IN,2021-03-29 15:43:43
463,Asau,46.4333,26.4,51.8,37,0,14.97,RO,2021-03-29 15:44:11
464,Constitucion,-35.3333,-72.4167,65.7,68,21,8.12,CL,2021-03-29 15:46:14
465,Bubaque,11.2833,-15.8333,78.66,61,23,11.65,GW,2021-03-29 15:46:15
466,Kavaratti,10.5669,72.642,85.15,69,100,11.45,IN,2021-03-29 15:43:41
467,Tsiroanomandidy,-18.7667,46.0333,68.61,84,42,4.27,MG,2021-03-29 15:46:15
468,Haines Junction,60.7522,-137.5108,-5.8,77,85,2.3,CA,2021-03-29 15:46:15
469,Manggar,-2.8833,108.2667,80.8,78,54,4.41,ID,2021-03-29 15:46:15
470,Sainte-Suzanne,-20.9061,55.6089,80.6,74,90,9.22,RE,2021-03-29 15:46:16
471,Usinsk,65.9939,57.5281,32.65,99,100,13.29,RU,2021-03-29 15:46:16
472,Peterhead,57.5058,-1.7981,62.6,67,40,18.41,GB,2021-03-29 15:46:16
473,Orje,59.4802,11.6602,55.0,86,100,5.99,NO,2021-03-29 15:46:16
474,Minot,48.2325,-101.2963,53.6,30,20,4.61,US,2021-03-29 15:46:17
475,Anadyr,64.75,177.4833,8.6,85,40,11.18,RU,2021-03-29 15:46:17
476,Denton,33.2001,-97.1336,66.99,40,0,16.17,US,2021-03-29 15:46:17
477,Limbang,4.75,115.0,78.8,100,75,4.61,MY,2021-03-29 15:46:17
478,Muroto,33.2833,134.15,63.0,74,1,5.93,JP,2021-03-29 15:46:18
479,Corinth,37.9407,22.9573,63.0,59,21,3.44,GR,2021-03-29 15:46:18
480,Senno,59.5336,33.9167,36.37,97,100,9.84,RU,2021-03-29 15:46:18
481,Pathein,16.7833,94.7333,78.46,74,47,8.3,MM,2021-03-29 15:44:14
482,Kloulklubed,7.0419,134.2556,78.8,94,75,4.47,PW,2021-03-29 15:46:19
483,General Pico,-35.6566,-63.7568,71.08,61,1,3.53,AR,2021-03-29 15:46:19
484,Bidhuna,26.8022,79.5088,89.17,9,3,8.28,IN,2021-03-29 15:46:19
485,Sorland,67.667,12.6934,41.0,75,75,9.22,NO,2021-03-29 15:46:19
486,Maragogi,-9.0122,-35.2225,83.93,69,94,8.55,BR,2021-03-29 15:46:20
487,Severo-Kurilsk,50.6789,156.125,35.6,94,100,15.1,RU,2021-03-29 15:44:34
488,Athens,37.9795,23.7162,64.99,45,20,8.05,GR,2021-03-29 15:46:17
489,Los Llanos De Aridane,28.6585,-17.9182,69.8,68,20,17.27,ES,2021-03-29 15:46:20
490,Pasighat,28.0667,95.3333,73.44,20,11,4.52,IN,2021-03-29 15:46:20
491,Sabang,5.8933,95.3214,80.74,82,100,19.6,ID,2021-03-29 15:46:20
492,Carolina,18.3808,-65.9574,84.99,65,40,18.41,PR,2021-03-29 15:43:27
493,Bodden Town,19.2833,-81.25,86.0,66,40,11.5,KY,2021-03-29 15:46:21
494,Kulautuva,54.9333,23.6,44.6,93,90,6.91,LT,2021-03-29 15:46:21
495,Florin,38.496,-121.4088,55.0,81,1,4.61,US,2021-03-29 15:46:21
496,Carauari,-4.8828,-66.8958,72.75,98,100,1.39,BR,2021-03-29 15:46:22
497,Mayo,38.8876,-76.5119,52.0,46,1,13.8,US,2021-03-29 15:43:48
498,Kibaya,-5.3,36.5667,62.87,94,74,3.96,TZ,2021-03-29 15:46:22
499,Caernarfon,53.1413,-4.2702,51.8,93,90,19.57,GB,2021-03-29 15:46:22
500,Gat,31.61,34.7642,60.01,54,4,1.99,IL,2021-03-29 15:44:33
501,Zabaykalsk,49.6333,117.3167,27.7,52,21,3.76,RU,2021-03-29 15:46:22
502,Linxia,35.6003,103.2064,53.31,42,50,2.66,CN,2021-03-29 15:46:23
503,Teeli,51.0333,90.2333,37.08,58,65,4.61,RU,2021-03-29 15:46:23
504,Prince Rupert,54.3161,-130.3201,37.4,80,1,6.91,CA,2021-03-29 15:39:15
505,Balykshi,47.0667,51.8667,37.4,81,75,6.71,KZ,2021-03-29 15:46:23
506,Waddan,29.1614,16.139,73.96,15,76,11.95,LY,2021-03-29 15:46:23
507,Dafeng,23.4517,108.5881,76.24,85,0,5.61,CN,2021-03-29 15:46:24
508,Okhotsk,59.3833,143.3,12.49,94,100,4.23,RU,2021-03-29 15:46:24
509,Tarauaca,-8.1614,-70.7656,82.49,73,93,3.74,BR,2021-03-29 15:46:24
510,Kang,-23.6752,22.7876,78.1,39,74,1.99,BW,2021-03-29 15:46:24
511,Qui Nhon,13.7667,109.2333,76.21,91,5,8.99,VN,2021-03-29 15:46:25
512,Atasu,48.6814,71.6433,19.0,92,99,6.46,KZ,2021-03-29 15:46:25
513,Aguie,13.506,7.7786,93.76,8,1,15.77,NE,2021-03-29 15:46:25
514,Tarko-Sale,64.9225,77.785,-12.75,99,37,7.02,RU,2021-03-29 15:44:02
515,Padilla,3.2204,-76.3139,78.46,69,86,1.01,CO,2021-03-29 15:46:25
516,Atar,20.5169,-13.0499,97.81,10,0,7.38,MR,2021-03-29 15:46:26
517,Tonantins,-2.8731,-67.8022,78.06,85,100,3.38,BR,2021-03-29 15:46:26
518,Shizunai,42.3339,142.3669,40.5,90,61,6.93,JP,2021-03-29 15:41:55
519,Marrakesh,31.6315,-8.0083,86.0,15,75,9.22,MA,2021-03-29 15:41:38
520,Vitim,59.4511,112.5578,15.21,96,99,2.21,RU,2021-03-29 15:46:26
521,Bull Savanna,17.8868,-77.5902,81.9,57,3,10.74,JM,2021-03-29 15:46:27
522,Itarema,-2.9248,-39.9167,85.24,66,41,7.85,BR,2021-03-29 15:46:27
523,Port Augusta,-32.5,137.7667,60.01,88,3,3.44,AU,2021-03-29 15:46:27
524,Port-Cartier,50.0334,-66.8654,35.01,80,90,8.05,CA,2021-03-29 15:46:27
525,Atambua,-9.1061,124.8925,72.61,92,100,7.87,ID,2021-03-29 15:46:27
526,Astoria,46.1879,-123.8313,42.8,75,90,11.5,US,2021-03-29 15:46:28
527,Visby,57.6409,18.296,46.99,93,90,21.85,SE,2021-03-29 15:46:28
528,Kilindoni,-7.9139,39.6668,83.73,68,7,9.22,TZ,2021-03-29 15:46:28
529,Manzanillo,20.3433,-77.1167,90.0,38,0,10.29,CU,2021-03-29 15:46:29
530,Mandalgovi,45.7625,106.2708,44.22,54,100,14.23,MN,2021-03-29 15:46:29
531,Mugur-Aksy,50.35,90.5,21.22,80,99,7.31,RU,2021-03-29 15:46:29
532,Brae,60.3964,-1.353,48.2,81,20,19.57,GB,2021-03-29 15:46:29
533,Bhigvan,18.3167,74.7667,91.18,11,11,2.26,IN,2021-03-29 15:46:29
534,Miraflores,19.2167,-98.8083,62.6,55,75,5.75,MX,2021-03-29 15:44:41
535,Yertarskiy,56.7902,64.2995,24.71,90,87,3.27,RU,2021-03-29 15:46:30
536,Muros,42.7762,-9.0603,71.01,46,100,7.0,ES,2021-03-29 15:46:30
537,Ocos,14.5094,-92.1933,86.0,70,20,4.61,GT,2021-03-29 15:46:30
538,Santa Comba,43.0331,-8.8093,71.01,49,100,1.99,ES,2021-03-29 15:46:31
539,Joutseno,61.118,28.5076,42.01,70,90,10.36,FI,2021-03-29 15:46:31
540,Beipiao,41.7919,120.7792,43.9,23,0,2.37,CN,2021-03-29 15:46:31
541,Newtownards,54.5924,-5.6909,62.01,72,75,19.57,GB,2021-03-29 15:46:31
542,Jaguarari,-10.2639,-40.1958,87.85,35,96,6.82,BR,2021-03-29 15:46:32
543,Ayame,5.6083,-3.1563,89.01,55,78,5.59,CI,2021-03-29 15:46:32
544,Farafangana,-22.8167,47.8333,74.34,89,22,9.91,MG,2021-03-29 15:46:32
545,Zheleznodorozhnyy,55.7503,38.0042,42.8,60,0,6.71,RU,2021-03-29 15:46:00
546,Saryozek,44.3583,77.9753,34.75,91,100,3.33,KZ,2021-03-29 15:46:32
547,Praya,14.9215,-23.5087,78.8,50,20,21.85,CV,2021-03-29 15:46:33
548,Quatre Cocos,-20.2078,57.7625,79.0,94,40,3.44,MU,2021-03-29 15:46:33
549,Iskateley,67.6803,53.1512,33.78,98,100,11.54,RU,2021-03-29 15:46:33
550,College,64.8569,-147.8028,21.2,86,90,3.49,US,2021-03-29 15:46:34
551,Baherden,38.4362,57.4316,53.62,42,17,4.12,TM,2021-03-29 15:46:34
552,Raga,8.4596,25.678,89.04,13,0,4.27,SS,2021-03-29 15:46:34
553,Santiago Del Estero,-27.7951,-64.2615,75.78,48,0,5.32,AR,2021-03-29 15:46:34
554,Riyadh,24.6877,46.7219,77.0,10,5,12.66,SA,2021-03-29 15:46:34
555,Beringovskiy,63.05,179.3167,13.68,93,100,12.26,RU,2021-03-29 15:43:49
556,Ghanzi,-21.5667,21.7833,79.9,39,90,6.15,BW,2021-03-29 15:46:35
